Agent_ID,Agent_Name,Experience_Years,Agency_Name
AGT_001,Agent_1,2,City Realtors
AGT_002,Agent_2,3,Housing Experts
AGT_003,Agent_3,8,Elite Homes
AGT_004,Agent_4,19,City Realtors
AGT_005,Agent_5,2,Elite Homes
AGT_006,Agent_6,12,Housing Experts
AGT_007,Agent_7,9,Urban Nest
AGT_008,Agent_8,8,Prime Estates
AGT_009,Agent_9,4,Prime Estates
AGT_010,Agent_10,17,Elite Homes
AGT_011,Agent_11,2,Prime Estates
AGT_012,Agent_12,15,Prime Estates
AGT_013,Agent_13,19,Elite Homes
AGT_014,Agent_14,14,Prime Estates
AGT_015,Agent_15,14,City Realtors
AGT_016,Agent_16,17,City Realtors
AGT_017,Agent_17,8,Elite Homes
AGT_018,Agent_18,16,Prime Estates
AGT_019,Agent_19,11,Urban Nest
AGT_020,Agent_20,17,Prime Estates
AGT_021,Agent_21,11,Housing Experts
AGT_022,Agent_22,19,Elite Homes
AGT_023,Agent_23,13,Urban Nest
AGT_024,Agent_24,3,Elite Homes
AGT_025,Agent_25,4,City Realtors
